From: bob61@sample.net To: frank46@test.org
From: charlie52@example.com To: david49@fake.co
From: grace25@fake.co To: alice9@test.org
From: charlie22@test.org To: eve81@demo.edu
From: eve36@fake.co To: charlie22@sample.net
From: frank53@example.com To: alice71@example.com
From: eve66@test.org To: heidi92@example.com
From: grace25@test.org To: bob99@demo.edu
From: bob30@fake.co To: ivan44@example.com
From: ivan98@example.com To: david64@sample.net
From: judy45@example.com To: bob75@test.org
From: eve61@example.com To: eve86@sample.net
From: heidi81@fake.co To: bob19@demo.edu
From: charlie9@fake.co To: grace74@demo.edu
From: eve48@sample.net To: frank34@example.com
From: eve76@sample.net To: grace88@fake.co
From: ivan55@example.com To: alice69@test.org
From: charlie31@test.org To: charlie24@fake.co
From: eve72@example.com To: david69@example.com
From: grace35@demo.edu To: bob85@example.com
From: alice5@test.org To: frank43@example.com
From: frank34@example.com To: eve75@sample.net
From: heidi42@sample.net To: judy48@sample.net
From: frank99@sample.net To: david66@test.org
From: david50@sample.net To: ivan89@example.com
From: alice5@fake.co To: ivan35@example.com
From: bob81@sample.net To: eve86@example.com
From: bob75@test.org To: heidi47@fake.co
From: alice22@example.com To: alice1@test.org
From: alice60@example.com To: david15@demo.edu
From: judy24@demo.edu To: judy27@example.com
From: frank61@sample.net To: bob1@demo.edu
From: eve13@example.com To: frank51@sample.net
From: david94@sample.net To: grace51@test.org
From: ivan48@example.com To: grace43@demo.edu
From: charlie53@example.com To: grace65@sample.net
From: bob51@example.com To: judy41@sample.net
From: alice33@demo.edu To: charlie5@sample.net
From: grace71@demo.edu To: david48@test.org
From: heidi5@fake.co To: eve87@demo.edu
From: david98@example.com To: charlie82@test.org
From: bob85@example.com To: frank3@example.com
From: eve46@fake.co To: bob56@sample.net
From: david58@sample.net To: judy59@sample.net
From: ivan24@test.org To: charlie3@test.org
From: charlie93@fake.co To: heidi41@sample.net
From: bob94@demo.edu To: charlie17@example.com
From: heidi91@sample.net To: alice16@demo.edu
From: frank36@test.org To: bob63@example.com
From: heidi25@demo.edu To: david62@sample.net
From: grace53@demo.edu To: david51@sample.net
From: bob5@sample.net To: bob99@example.com
From: alice75@example.com To: ivan84@fake.co
From: frank94@demo.edu To: grace20@sample.net
From: heidi37@test.org To: heidi60@demo.edu
From: judy95@example.com To: grace43@sample.net
From: bob12@sample.net To: ivan58@demo.edu
From: charlie99@test.org To: david76@test.org
From: bob22@fake.co To: david17@example.com
From: grace77@test.org To: eve75@test.org
From: ivan60@demo.edu To: eve35@example.com
From: bob74@demo.edu To: bob66@demo.edu
From: bob82@demo.edu To: judy78@demo.edu
From: judy42@fake.co To: ivan62@sample.net
From: heidi57@example.com To: grace71@demo.edu
From: alice13@sample.net To: charlie41@fake.co
From: heidi15@sample.net To: grace56@demo.edu
From: bob99@demo.edu To: alice44@demo.edu
From: charlie43@demo.edu To: judy53@demo.edu
From: eve1@fake.co To: alice76@fake.co
From: bob76@test.org To: alice64@demo.edu
From: alice74@fake.co To: grace57@demo.edu
From: bob69@sample.net To: grace48@fake.co
From: bob7@demo.edu To: judy3@test.org
From: frank81@example.com To: ivan28@fake.co
From: bob42@example.com To: grace16@example.com
From: ivan90@fake.co To: judy85@test.org
From: david54@demo.edu To: charlie44@fake.co
From: judy16@example.com To: judy46@demo.edu
From: david57@sample.net To: judy35@demo.edu
From: eve21@example.com To: charlie96@demo.edu
From: heidi27@demo.edu To: frank61@sample.net
From: alice69@demo.edu To: david8@fake.co
From: heidi80@sample.net To: judy86@test.org
From: bob65@test.org To: ivan10@demo.edu
From: heidi98@demo.edu To: charlie48@example.com
From: judy79@fake.co To: grace40@test.org
From: heidi50@test.org To: judy96@fake.co
From: judy70@test.org To: heidi29@test.org
From: david75@fake.co To: bob6@sample.net
From: eve45@sample.net To: frank53@test.org
From: alice72@fake.co To: grace53@sample.net
From: eve60@sample.net To: heidi33@demo.edu
From: david29@example.com To: frank64@fake.co
From: judy54@sample.net To: judy84@sample.net
From: eve20@example.com To: eve14@test.org
From: heidi15@sample.net To: grace64@example.com
From: ivan18@demo.edu To: bob39@sample.net
From: heidi54@demo.edu To: david78@fake.co
From: judy51@sample.net To: grace45@test.org